1, 70, 0.22102975845336914, 0.2210381031036377, 69, 69, 0.9999379, 1.0, 1.0, 0.36111706495285034, 0.36111706495285034, 0.0, 0.0, 'Random', 0.001
2, 120, 0.1501908302307129, 0.3718874454498291, 50, 119, 0.9998929, 1.0, 1.0, 0.352715402841568, 0.35691623389720917, 0.0, 0.0, 'Random', 0.001
3, 192, 0.21284151077270508, 0.585357666015625, 72, 191, 0.9998281, 1.0, 1.0, 0.3527736961841583, 0.3555353879928589, 0.0, 0.0, 'Random', 0.001
4, 215, 0.07057642936706543, 0.6565957069396973, 23, 214, 0.9998074, 0.0, 0.75, 0.35613778233528137, 0.3556859865784645, 0.0, 0.0, 'Random', 0.001
5, 238, 0.13002824783325195, 0.7873356342315674, 23, 237, 0.9997867, 0.0, 0.6, 0.3490731418132782, 0.3543634176254272, 0.0, 0.0, 'Random', 0.001
6, 261, 0.08091568946838379, 0.8692152500152588, 23, 260, 0.999766, 0.0, 0.5, 0.3429478704929352, 0.3524608264366786, 0.0, 0.0, 'Random', 0.001
7, 284, 0.06951284408569336, 0.9393739700317383, 23, 283, 0.9997453, 0.0, 0.42857142857142855, 0.33387044072151184, 0.3498050570487976, 0.0, 0.0, 'Random', 0.001
8, 307, 0.0694875717163086, 1.0094265937805176, 23, 306, 0.9997246, 0.0, 0.375, 0.3436746895313263, 0.3490387611091137, 0.0, 0.0, 'Random', 0.001
9, 330, 0.06855154037475586, 1.078660488128662, 23, 329, 0.9997039, 0.0, 0.3333333333333333, 0.3423415422439575, 0.3482946256796519, 0.0, 0.0, 'Random', 0.001
10, 353, 0.06905579566955566, 1.148237943649292, 23, 352, 0.9996832, 0.0, 0.3, 0.35073524713516235, 0.3485386878252029, 0.0, 0.0, 'Random', 0.001
11, 376, 0.08147740364074707, 1.23036789894104, 23, 375, 0.9996625, 0.0, 0.2727272727272727, 0.3450770676136017, 0.3482239950786937, 0.0, 0.0, 'Random', 0.001
12, 472, 0.2841317653656006, 1.5149264335632324, 96, 471, 0.9995761, 2.0, 0.4166666666666667, 0.350251168012619, 0.34839292615652084, 0.0, 0.0, 'Random', 0.001
13, 495, 0.0704188346862793, 1.5859873294830322, 23, 494, 0.9995554, 0.0, 0.38461538461538464, 0.3297361135482788, 0.3469577867251176, 0.0, 0.0, 'Random', 0.001
14, 518, 0.06990385055541992, 1.6565454006195068, 23, 517, 0.9995347, 0.0, 0.35714285714285715, 0.3297390341758728, 0.345727875828743, 0.0, 0.0, 'Random', 0.001
15, 541, 0.06931161880493164, 1.7264676094055176, 23, 540, 0.999514, 0.0, 0.3333333333333333, 0.33951354026794434, 0.34531358679135643, 0.0, 0.0, 'Random', 0.001
16, 564, 0.0817863941192627, 1.808908224105835, 23, 563, 0.9994933, 0.0, 0.3125, 0.3394431173801422, 0.3449466824531555, 0.0, 0.0, 'Random', 0.001
17, 587, 0.08433723449707031, 1.8939063549041748, 23, 586, 0.9994726, 0.0, 0.29411764705882354, 0.33491894602775574, 0.3443568156046026, 0.0, 0.0, 'Random', 0.001
18, 608, 0.1230771541595459, 2.018541097640991, 21, 607, 0.9994537, 0.0, 0.2777777777777778, 0.3278483748435974, 0.34343968000676894, 0.0, 0.0, 'Random', 0.001
19, 631, 0.07454776763916016, 2.0941481590270996, 23, 630, 0.999433, 0.0, 0.2631578947368421, 0.3435063362121582, 0.34344318822810527, 0.0, 0.0, 'Random', 0.001
20, 652, 0.0637826919555664, 2.1585850715637207, 21, 651, 0.9994141, 0.0, 0.25, 0.35391566157341003, 0.3439668118953705, 0.0, 0.0, 'Random', 0.001
21, 675, 0.07924246788024902, 2.2383334636688232, 23, 674, 0.9993934, 0.0, 0.23809523809523808, 0.3457648456096649, 0.3440524325484321, 0.0, 0.0, 'Random', 0.001
22, 698, 0.07154369354248047, 2.310492753982544, 23, 697, 0.9993727, 0.0, 0.22727272727272727, 0.351112961769104, 0.3443733656948263, 0.0, 0.0, 'Random', 0.001
23, 721, 0.09441852569580078, 2.405324697494507, 23, 720, 0.999352, 0.0, 0.21739130434782608, 0.34518277645111084, 0.3444085574668387, 0.0, 0.0, 'Random', 0.001
24, 742, 0.08171439170837402, 2.4876816272735596, 21, 741, 0.9993331, 0.0, 0.20833333333333334, 0.3425759971141815, 0.34433220078547794, 0.0, 0.0, 'Random', 0.001
25, 765, 0.0672297477722168, 2.55558705329895, 23, 764, 0.9993124, 0.0, 0.2, 0.3563534915447235, 0.34481305241584775, 0.0, 0.0, 'Random', 0.001
26, 788, 0.07938385009765625, 2.6356093883514404, 23, 787, 0.9992917, 0.0, 0.19230769230769232, 0.34987929463386536, 0.3450079078857715, 0.0, 0.0, 'Random', 0.001
27, 811, 0.07079935073852539, 2.707005500793457, 23, 810, 0.999271, 0.0, 0.18518518518518517, 0.3386552035808563, 0.34477262254114505, 0.0, 0.0, 'Random', 0.001
28, 834, 0.08907413482666016, 2.79667067527771, 23, 833, 0.9992503, 0.0, 0.17857142857142858, 0.3417494595050812, 0.3446646524327142, 0.0, 0.0, 'Random', 0.001
29, 857, 0.06836414337158203, 2.8656108379364014, 23, 856, 0.9992296, 0.0, 0.1724137931034483, 0.3464209735393524, 0.34472521522949484, 0.0, 0.0, 'Random', 0.001
30, 880, 0.0688316822052002, 2.9350597858428955, 23, 879, 0.9992089, 0.0, 0.16666666666666666, 0.3495260775089264, 0.34488524397214254, 0.0, 0.0, 'Random', 0.001
31, 903, 0.0831913948059082, 3.0187900066375732, 23, 902, 0.9991882, 0.0, 0.16129032258064516, 0.35453376173973083, 0.34519648648077444, 0.0, 0.0, 'Random', 0.001
32, 926, 0.0715799331665039, 3.0910139083862305, 23, 925, 0.9991675, 0.0, 0.15625, 0.3413936197757721, 0.3450776468962431, 0.0, 0.0, 'Random', 0.001
33, 947, 0.06770157814025879, 3.159114122390747, 21, 946, 0.9991486, 0.0, 0.15151515151515152, 0.331889808177948, 0.34467801541993115, 0.0, 0.0, 'Random', 0.001
34, 970, 0.07757854461669922, 3.2373485565185547, 23, 969, 0.9991279, 0.0, 0.14705882352941177, 0.3480605185031891, 0.34477750080473285, 0.0, 0.0, 'Random', 0.001
35, 991, 0.09316849708557129, 3.3311190605163574, 21, 990, 0.999109, 0.0, 0.14285714285714285, 0.34535422921180725, 0.3447939787592207, 0.0, 0.0, 'Random', 0.001
36, 1014, 0.08167243003845215, 3.414308547973633, 23, 1013, 0.9990883, 0.0, 0.1388888888888889, 0.3474160134792328, 0.3448668130569988, 0.0, 0.0, 'Random', 0.001
37, 1035, 0.06455612182617188, 3.4795243740081787, 21, 1034, 0.9990694, 0.0, 0.13513513513513514, 0.3235960304737091, 0.3442919270412342, 0.0, 0.0, 'Random', 0.001
38, 1086, 0.15027093887329102, 3.6303813457489014, 51, 1085, 0.9990235, 1.0, 0.15789473684210525, 0.35017865896224976, 0.3444468410391557, 0.0, 0.0, 'Random', 0.001
39, 1138, 0.14941716194152832, 3.7804574966430664, 52, 1137, 0.9989767, 1.0, 0.1794871794871795, 0.35558196902275085, 0.34473235714129913, 0.0, 0.0, 'Random', 0.001
40, 1161, 0.06591677665710449, 3.8469884395599365, 23, 1160, 0.998956, 0.0, 0.175, 0.33456534147262573, 0.3444781817495823, 0.0, 0.0, 'Random', 0.001
41, 1184, 0.07841086387634277, 3.9260919094085693, 23, 1183, 0.9989353, 0.0, 0.17073170731707318, 0.34462860226631165, 0.3444818505426733, 0.0, 0.0, 'Random', 0.001
42, 1207, 0.07301092147827148, 3.9997453689575195, 23, 1206, 0.9989146, 0.0, 0.16666666666666666, 0.33632686734199524, 0.34428768427599044, 0.0, 0.0, 'Random', 0.001
43, 1230, 0.0675513744354248, 4.0679240226745605, 23, 1229, 0.9988939, 0.0, 0.16279069767441862, 0.34528523683547974, 0.34431088317272274, 0.0, 0.0, 'Random', 0.001
44, 1348, 0.33838844299316406, 4.406962871551514, 118, 1347, 0.9987877, 2.0, 0.20454545454545456, 0.34027010202407837, 0.3442190472375263, 0.0, 0.0, 'Random', 0.001
45, 1470, 0.3555159568786621, 4.763153314590454, 122, 1469, 0.9986779, 2.0, 0.24444444444444444, 0.3560775816440582, 0.3444825702243381, 0.0, 0.0, 'Random', 0.001
46, 1521, 0.1613481044769287, 4.925113916397095, 51, 1520, 0.998632, 1.0, 0.2608695652173913, 0.35719797015190125, 0.3447589919618938, 0.0, 0.0, 'Random', 0.001
47, 1617, 0.2777073383331299, 5.2034828662872314, 96, 1616, 0.9985456, 2.0, 0.2978723404255319, 0.34891316294670105, 0.3448473785785919, 0.0, 0.0, 'Random', 0.001
48, 1640, 0.0681765079498291, 5.272295713424683, 23, 1639, 0.9985249, 0.0, 0.2916666666666667, 0.3426753878593445, 0.3448021287719409, 0.0, 0.0, 'Random', 0.001
49, 1663, 0.0863645076751709, 5.359341144561768, 23, 1662, 0.9985042, 0.0, 0.2857142857142857, 0.3496741056442261, 0.34490155687137525, 0.0, 0.0, 'Random', 0.001
50, 1686, 0.09924554824829102, 5.46006965637207, 23, 1685, 0.9984835, 0.0, 0.28, 0.35762831568717957, 0.3451560920476913, 0.0, 0.0, 'Random', 0.001
51, 1709, 0.0922844409942627, 5.55348801612854, 23, 1708, 0.9984628, 0.0, 0.27450980392156865, 0.34214532375335693, 0.3450970573752534, 0.0, 0.0, 'Random', 0.001
52, 1778, 0.3045463562011719, 5.858725309371948, 69, 1777, 0.9984007, 1.0, 0.28846153846153844, 0.35981616377830505, 0.34538011711377364, 0.0, 0.0, 'Random', 0.001
53, 1801, 0.1085352897644043, 5.9680516719818115, 23, 1800, 0.99838, 0.0, 0.2830188679245283, 0.3388942778110504, 0.34525774278730714, 0.0, 0.0, 'Random', 0.001
54, 1822, 0.07937455177307129, 6.048151254653931, 21, 1821, 0.9983611, 0.0, 0.2777777777777778, 0.33513519167900085, 0.34507028813715335, 0.0, 0.0, 'Random', 0.001
55, 1845, 0.07397651672363281, 6.122893810272217, 23, 1844, 0.9983404, 0.0, 0.2727272727272727, 0.3479158878326416, 0.34512202631343497, 0.0, 0.0, 'Random', 0.001
56, 1868, 0.07906460762023926, 6.202640056610107, 23, 1867, 0.9983197, 0.0, 0.26785714285714285, 0.35070812702178955, 0.34522177811179844, 0.0, 0.0, 'Random', 0.001
57, 1891, 0.0688939094543457, 6.272119045257568, 23, 1890, 0.998299, 0.0, 0.2631578947368421, 0.3360026776790619, 0.3450600395077153, 0.0, 0.0, 'Random', 0.001
58, 1914, 0.06782174110412598, 6.340531587600708, 23, 1913, 0.9982783, 0.0, 0.25862068965517243, 0.33745235204696655, 0.34492887248253, 0.0, 0.0, 'Random', 0.001
59, 1937, 0.07168006896972656, 6.412836790084839, 23, 1936, 0.9982576, 0.0, 0.2542372881355932, 0.3486107587814331, 0.3449912773350538, 0.0, 0.0, 'Random', 0.001
60, 1958, 0.06180167198181152, 6.475207805633545, 21, 1957, 0.9982387, 0.0, 0.25, 0.3601946234703064, 0.345244666437308, 0.0, 0.0, 'Random', 0.001
61, 1981, 0.0783076286315918, 6.554149627685547, 23, 1980, 0.998218, 0.0, 0.2459016393442623, 0.353277325630188, 0.3453763493748962, 0.0, 0.0, 'Random', 0.001
62, 2004, 0.07016324996948242, 6.624897003173828, 23, 2003, 0.9981973, 0.0, 0.24193548387096775, 0.34421536326408386, 0.3453576237924637, 0.0, 0.0, 'Random', 0.001
63, 2027, 0.09590721130371094, 6.721436500549316, 23, 2026, 0.9981766, 0.0, 0.23809523809523808, 0.34833791851997375, 0.3454049300579798, 0.0, 0.0, 'Random', 0.001
64, 2050, 0.07214879989624023, 6.794281244277954, 23, 2049, 0.9981559, 0.0, 0.234375, 0.3381940424442291, 0.3452922599390149, 0.0, 0.0, 'Random', 0.001
65, 2073, 0.06457376480102539, 6.859501123428345, 23, 2072, 0.9981352, 0.0, 0.23076923076923078, 0.3472157120704651, 0.345321851510268, 0.0, 0.0, 'Random', 0.001
66, 2171, 0.27281808853149414, 7.132927417755127, 98, 2170, 0.998047, 2.0, 0.25757575757575757, 0.36316052079200745, 0.34559213437817315, 0.0, 0.0, 'Random', 0.001
67, 2194, 0.06741213798522949, 7.200972318649292, 23, 2193, 0.9980263, 0.0, 0.2537313432835821, 0.32703039050102234, 0.34531509342478284, 0.0, 0.0, 'Random', 0.001
68, 2217, 0.06823897361755371, 7.269714117050171, 23, 2216, 0.9980056, 0.0, 0.25, 0.3336030840873718, 0.3451428579933503, 0.0, 0.0, 'Random', 0.001
69, 2240, 0.06454181671142578, 7.3349223136901855, 23, 2239, 0.9979849, 0.0, 0.2463768115942029, 0.32653990387916565, 0.34487324996270996, 0.0, 0.0, 'Random', 0.001
70, 2263, 0.06731843948364258, 7.402637004852295, 23, 2262, 0.9979642, 0.0, 0.24285714285714285, 0.3397613763809204, 0.34480022319725584, 0.0, 0.0, 'Random', 0.001
71, 2286, 0.07385873794555664, 7.47714900970459, 23, 2285, 0.9979435, 0.0, 0.23943661971830985, 0.3547177016735077, 0.34493990599269597, 0.0, 0.0, 'Random', 0.001
72, 2309, 0.06493258476257324, 7.542768478393555, 23, 2308, 0.9979228, 0.0, 0.2361111111111111, 0.33657780289649963, 0.34482376567191547, 0.0, 0.0, 'Random', 0.001
73, 2332, 0.06434440612792969, 7.6077680587768555, 23, 2331, 0.9979021, 0.0, 0.2328767123287671, 0.34736570715904236, 0.3448585867881775, 0.0, 0.0, 'Random', 0.001
74, 2401, 0.19620680809020996, 7.804620742797852, 69, 2400, 0.99784, 1.0, 0.24324324324324326, 0.35887616872787476, 0.3450480135711464, 0.0, 0.0, 'Random', 0.001
75, 2424, 0.06653547286987305, 7.871795415878296, 23, 2423, 0.9978193, 0.0, 0.24, 0.34649237990379333, 0.345067271788915, 0.0, 0.0, 'Random', 0.001
76, 2447, 0.07848024368286133, 7.950753450393677, 23, 2446, 0.9977986, 0.0, 0.23684210526315788, 0.3389929234981537, 0.34498734615351023, 0.0, 0.0, 'Random', 0.001
77, 2468, 0.06015300750732422, 8.011515617370605, 21, 2467, 0.9977797, 0.0, 0.23376623376623376, 0.34711435437202454, 0.34501496963686756, 0.0, 0.0, 'Random', 0.001
78, 2489, 0.06270551681518555, 8.074857711791992, 21, 2488, 0.9977608, 0.0, 0.23076923076923078, 0.34064388275146484, 0.3449589300614137, 0.0, 0.0, 'Random', 0.001
79, 2561, 0.2010667324066162, 8.276559352874756, 72, 2560, 0.997696, 1.0, 0.24050632911392406, 0.3375561535358429, 0.3448652240294444, 0.0, 0.0, 'Random', 0.001
80, 2584, 0.0699915885925293, 8.347189664840698, 23, 2583, 0.9976753, 0.0, 0.2375, 0.3466261625289917, 0.3448872357606888, 0.0, 0.0, 'Random', 0.001
81, 2607, 0.07843351364135742, 8.42624831199646, 23, 2606, 0.9976546, 0.0, 0.2345679012345679, 0.35094979405403137, 0.344962082159372, 0.0, 0.0, 'Random', 0.001
82, 2630, 0.06595230102539062, 8.492892980575562, 23, 2629, 0.9976339, 0.0, 0.23170731707317074, 0.3353276550769806, 0.3448445891461721, 0.0, 0.0, 'Random', 0.001
83, 2651, 0.059519290924072266, 8.55303692817688, 21, 2650, 0.997615, 0.0, 0.2289156626506024, 0.33437225222587585, 0.34471841641219264, 0.0, 0.0, 'Random', 0.001
84, 2672, 0.05988168716430664, 8.613529443740845, 21, 2671, 0.9975961, 0.0, 0.2261904761904762, 0.33320650458335876, 0.3445813698428018, 0.0, 0.0, 'Random', 0.001
85, 2693, 0.06079506874084473, 8.675021886825562, 21, 2692, 0.9975772, 0.0, 0.2235294117647059, 0.34277278184890747, 0.34456009233699125, 0.0, 0.0, 'Random', 0.001
86, 2716, 0.07790088653564453, 8.753576278686523, 23, 2715, 0.9975565, 0.0, 0.22093023255813954, 0.3499404191970825, 0.3446226542772249, 0.0, 0.0, 'Random', 0.001
87, 2739, 0.06642341613769531, 8.82062029838562, 23, 2738, 0.9975358, 0.0, 0.21839080459770116, 0.3319944143295288, 0.34447750209391803, 0.0, 0.0, 'Random', 0.001
88, 2762, 0.06621956825256348, 8.887505531311035, 23, 2761, 0.9975151, 0.0, 0.2159090909090909, 0.32837095856666565, 0.34429447319019924, 0.0, 0.0, 'Random', 0.001
89, 2785, 0.06637072563171387, 8.954600095748901, 23, 2784, 0.9974944, 0.0, 0.21348314606741572, 0.337700754404068, 0.34422038646226516, 0.0, 0.0, 'Random', 0.001
90, 2806, 0.06055808067321777, 9.015753984451294, 21, 2805, 0.9974755, 0.0, 0.2111111111111111, 0.33955585956573486, 0.3441685583856371, 0.0, 0.0, 'Random', 0.001
91, 2829, 0.0731048583984375, 9.089308500289917, 23, 2828, 0.9974548, 0.0, 0.2087912087912088, 0.3381344974040985, 0.3441022500232026, 0.0, 0.0, 'Random', 0.001
92, 2852, 0.06632018089294434, 9.156332969665527, 23, 2851, 0.9974341, 0.0, 0.20652173913043478, 0.33340519666671753, 0.3439859777041104, 0.0, 0.0, 'Random', 0.001
93, 2875, 0.0671701431274414, 9.224174737930298, 23, 2874, 0.9974134, 0.0, 0.20430107526881722, 0.33630549907684326, 0.3439033919124193, 0.0, 0.0, 'Random', 0.001
94, 2896, 0.06313586235046387, 9.287968158721924, 21, 2895, 0.9973945, 0.0, 0.20212765957446807, 0.3441297709941864, 0.3439058002005232, 0.0, 0.0, 'Random', 0.001
95, 2919, 0.06649899482727051, 9.354986190795898, 23, 2918, 0.9973738, 0.0, 0.2, 0.36553898453712463, 0.34413351793038216, 0.0, 0.0, 'Random', 0.001
96, 2942, 0.0763711929321289, 9.432043552398682, 23, 2941, 0.9973531, 0.0, 0.19791666666666666, 0.35015857219696045, 0.3441962789123257, 0.0, 0.0, 'Random', 0.001
97, 2965, 0.066650390625, 9.499189376831055, 23, 2964, 0.9973324, 0.0, 0.1958762886597938, 0.33116254210472107, 0.34406191049162876, 0.0, 0.0, 'Random', 0.001
98, 3016, 0.1439204216003418, 9.64378547668457, 51, 3015, 0.9972865, 1.0, 0.20408163265306123, 0.3428853452205658, 0.3440499047235567, 0.0, 0.0, 'Random', 0.001
99, 3039, 0.06635332107543945, 9.710789442062378, 23, 3038, 0.9972658, 0.0, 0.20202020202020202, 0.3278675377368927, 0.3438864464711661, 0.0, 0.0, 'Random', 0.001
100, 3108, 0.2196662425994873, 9.9310884475708, 69, 3107, 0.9972037, 1.0, 0.21, 0.3529937267303467, 0.3439775192737579, 0.0, 0.0, 'Random', 0.001
101, 3131, 0.07827305793762207, 10.010209798812866, 23, 3130, 0.997183, 0.0, 0.2, 0.343315452337265, 0.3437995031476021, 0.0, 0.0, 'Random', 0.001
102, 3154, 0.06540369987487793, 10.076324939727783, 23, 3153, 0.9971623, 0.0, 0.19, 0.3386552035808563, 0.343658901154995, 0.0, 0.0, 'Random', 0.001
103, 3177, 0.06884574890136719, 10.145804166793823, 23, 3176, 0.9971416, 0.0, 0.18, 0.3373853266239166, 0.34350501745939255, 0.0, 0.0, 'Random', 0.001
104, 3200, 0.06736183166503906, 10.213819026947021, 23, 3199, 0.9971209, 0.0, 0.18, 0.3446362614631653, 0.3433900022506714, 0.0, 0.0, 'Random', 0.001
105, 3223, 0.06559300422668457, 10.280111312866211, 23, 3222, 0.9971002, 0.0, 0.18, 0.3495260775089264, 0.3433945316076279, 0.0, 0.0, 'Random', 0.001
106, 3246, 0.07379508018493652, 10.354576110839844, 23, 3245, 0.9970795, 0.0, 0.18, 0.3569421172142029, 0.34353447407484056, 0.0, 0.0, 'Random', 0.001
107, 3269, 0.06517148017883301, 10.42039155960083, 23, 3268, 0.9970588, 0.0, 0.18, 0.34421536326408386, 0.34363792330026627, 0.0, 0.0, 'Random', 0.001
108, 3292, 0.06619596481323242, 10.48723554611206, 23, 3291, 0.9970381, 0.0, 0.18, 0.34518277645111084, 0.3436530041694641, 0.0, 0.0, 'Random', 0.001
109, 3313, 0.06323671340942383, 10.551136493682861, 21, 3312, 0.9970192, 0.0, 0.18, 0.3425759971141815, 0.34365534871816633, 0.0, 0.0, 'Random', 0.001
110, 3336, 0.06398677825927734, 10.61573338508606, 23, 3335, 0.9969985, 0.0, 0.18, 0.3563534915447235, 0.34371153116226194, 0.0, 0.0, 'Random', 0.001
111, 3359, 0.07490134239196777, 10.69128155708313, 23, 3358, 0.9969778, 0.0, 0.18, 0.3323476016521454, 0.3435842365026474, 0.0, 0.0, 'Random', 0.001
112, 3408, 0.13668060302734375, 10.828581094741821, 49, 3407, 0.9969337, 1.0, 0.17, 0.33856329321861267, 0.3434673577547073, 0.0, 0.0, 'Random', 0.001
113, 3431, 0.06951379776000977, 10.89874529838562, 23, 3430, 0.996913, 0.0, 0.17, 0.32930371165275574, 0.3434630337357521, 0.0, 0.0, 'Random', 0.001
114, 3552, 0.3547790050506592, 11.254137992858887, 121, 3551, 0.9968041, 2.0, 0.19, 0.3456422686576843, 0.3436220660805702, 0.0, 0.0, 'Random', 0.001
115, 3575, 0.06648826599121094, 11.321280479431152, 23, 3574, 0.9967834, 0.0, 0.19, 0.3383570611476898, 0.34361050128936765, 0.0, 0.0, 'Random', 0.001
116, 3644, 0.20528292655944824, 11.526973247528076, 69, 3643, 0.9967213, 1.0, 0.2, 0.35362595319747925, 0.34375232964754104, 0.0, 0.0, 'Random', 0.001
117, 3667, 0.06517601013183594, 11.592841386795044, 23, 3666, 0.9967006, 0.0, 0.2, 0.34589698910713196, 0.3438621100783348, 0.0, 0.0, 'Random', 0.001
118, 3690, 0.06754231452941895, 11.661056280136108, 23, 3689, 0.9966799, 0.0, 0.2, 0.33864063024520874, 0.34397003263235093, 0.0, 0.0, 'Random', 0.001
119, 3713, 0.06822490692138672, 11.729902267456055, 23, 3712, 0.9966592, 0.0, 0.2, 0.3463993966579437, 0.3439989632368088, 0.0, 0.0, 'Random', 0.001
120, 3736, 0.06612229347229004, 11.796618938446045, 23, 3735, 0.9966385, 0.0, 0.2, 0.3543049395084381, 0.34400285601615904, 0.0, 0.0, 'Random', 0.001
121, 3787, 0.15708160400390625, 11.954346179962158, 51, 3786, 0.9965926, 1.0, 0.21, 0.37572556734085083, 0.3443024632334709, 0.0, 0.0, 'Random', 0.001
122, 3808, 0.06408858299255371, 12.01905107498169, 21, 3807, 0.9965737, 0.0, 0.21, 0.35762861371040344, 0.34436761975288394, 0.0, 0.0, 'Random', 0.001
123, 3831, 0.06679177284240723, 12.08646011352539, 23, 3830, 0.996553, 0.0, 0.21, 0.36193063855171204, 0.3445350983738899, 0.0, 0.0, 'Random', 0.001
124, 3852, 0.06074404716491699, 12.147775650024414, 21, 3851, 0.9965341, 0.0, 0.21, 0.3577430546283722, 0.34468676894903183, 0.0, 0.0, 'Random', 0.001
125, 3873, 0.06111311912536621, 12.20936107635498, 21, 3872, 0.9965152, 0.0, 0.21, 0.3676705062389374, 0.34479993909597395, 0.0, 0.0, 'Random', 0.001
126, 3896, 0.09181857109069824, 12.301755905151367, 23, 3895, 0.9964945, 0.0, 0.21, 0.35873502492904663, 0.34488849639892577, 0.0, 0.0, 'Random', 0.001
127, 3919, 0.07053494453430176, 12.373510360717773, 23, 3918, 0.9964738, 0.0, 0.21, 0.3386552035808563, 0.34488849639892577, 0.0, 0.0, 'Random', 0.001
128, 3942, 0.07044696807861328, 12.444605350494385, 23, 3941, 0.9964531, 0.0, 0.21, 0.35192862153053284, 0.3449902880191803, 0.0, 0.0, 'Random', 0.001
129, 4009, 0.18985295295715332, 12.63498592376709, 67, 4008, 0.9963928, 1.0, 0.22, 0.34522485733032227, 0.34497832685709, 0.0, 0.0, 'Random', 0.001
130, 4032, 0.06418132781982422, 12.699760913848877, 23, 4031, 0.9963721, 0.0, 0.22, 0.3519436717033386, 0.3450025027990341, 0.0, 0.0, 'Random', 0.001
131, 4104, 0.2088029384613037, 12.909222841262817, 72, 4103, 0.9963073, 1.0, 0.23, 0.3672783374786377, 0.3451299485564232, 0.0, 0.0, 'Random', 0.001
132, 4171, 0.19064736366271973, 13.100505828857422, 67, 4170, 0.996247, 1.0, 0.24, 0.35807716846466064, 0.3452967840433121, 0.0, 0.0, 'Random', 0.001
133, 4194, 0.06807923316955566, 13.16916537284851, 23, 4193, 0.9962263, 0.0, 0.24, 0.34746837615966797, 0.34545256972312927, 0.0, 0.0, 'Random', 0.001
134, 4217, 0.06903243064880371, 13.238776206970215, 23, 4216, 0.9962056, 0.0, 0.24, 0.35288143157958984, 0.3455007788538933, 0.0, 0.0, 'Random', 0.001
135, 4240, 0.0669550895690918, 13.306329250335693, 23, 4239, 0.9961849, 0.0, 0.24, 0.36016497015953064, 0.34564888626337054, 0.0, 0.0, 'Random', 0.001
136, 4263, 0.0806417465209961, 13.387551069259644, 23, 4262, 0.9961641999999999, 0.0, 0.24, 0.3576878309249878, 0.34575160443782804, 0.0, 0.0, 'Random', 0.001
137, 4286, 0.0678248405456543, 13.456050395965576, 23, 4285, 0.9961435, 0.0, 0.24, 0.34981897473335266, 0.3460138338804245, 0.0, 0.0, 'Random', 0.001
138, 4337, 0.14401531219482422, 13.600712060928345, 51, 4336, 0.9960976, 1.0, 0.24, 0.35995155572891235, 0.34611156284809114, 0.0, 0.0, 'Random', 0.001
139, 4358, 0.06367754936218262, 13.664988994598389, 21, 4357, 0.9960787, 0.0, 0.23, 0.3645381033420563, 0.3462011241912842, 0.0, 0.0, 'Random', 0.001
140, 4381, 0.09452271461486816, 13.760082721710205, 23, 4380, 0.996058, 0.0, 0.23, 0.3705514669418335, 0.34656098544597624, 0.0, 0.0, 'Random', 0.001
141, 4404, 0.0810391902923584, 13.841796875, 23, 4403, 0.9960373, 0.0, 0.23, 0.34898459911346436, 0.3466045454144478, 0.0, 0.0, 'Random', 0.001
142, 4425, 0.06194019317626953, 13.90440821647644, 21, 4424, 0.9960184, 0.0, 0.23, 0.34886619448661804, 0.346729938685894, 0.0, 0.0, 'Random', 0.001
143, 4446, 0.06176614761352539, 13.966843366622925, 21, 4445, 0.9959995, 0.0, 0.23, 0.3355727791786194, 0.3466328141093254, 0.0, 0.0, 'Random', 0.001
144, 4469, 0.06896114349365234, 14.036482095718384, 23, 4468, 0.9959788, 0.0, 0.21, 0.34883788228034973, 0.34671849191188814, 0.0, 0.0, 'Random', 0.001
145, 4490, 0.059294700622558594, 14.096420764923096, 21, 4489, 0.9959599, 0.0, 0.19, 0.3387894332408905, 0.3465456104278564, 0.0, 0.0, 'Random', 0.001
146, 4513, 0.07360243797302246, 14.170632600784302, 23, 4512, 0.9959392, 0.0, 0.18, 0.3467636704444885, 0.3464412674307823, 0.0, 0.0, 'Random', 0.001
147, 4534, 0.05908346176147461, 14.230362892150879, 21, 4533, 0.9959203, 0.0, 0.16, 0.3404908776283264, 0.3463570445775986, 0.0, 0.0, 'Random', 0.001
148, 4557, 0.06620097160339355, 14.297206163406372, 23, 4556, 0.9958996, 0.0, 0.16, 0.3337257504463196, 0.34626754820346833, 0.0, 0.0, 'Random', 0.001
149, 4580, 0.06823968887329102, 14.365908145904541, 23, 4579, 0.9958789, 0.0, 0.16, 0.3381940424442291, 0.34615274757146836, 0.0, 0.0, 'Random', 0.001
150, 4601, 0.05881094932556152, 14.425356388092041, 21, 4600, 0.99586, 0.0, 0.16, 0.33803895115852356, 0.3459568539261818, 0.0, 0.0, 'Random', 0.001
151, 4624, 0.0724031925201416, 14.498396158218384, 23, 4623, 0.9958393, 0.0, 0.16, 0.35003453493118286, 0.34603574603796006, 0.0, 0.0, 'Random', 0.001
152, 4647, 0.06447720527648926, 14.563483953475952, 23, 4646, 0.9958186, 0.0, 0.15, 0.34421536326408386, 0.34587973803281785, 0.0, 0.0, 'Random', 0.001
153, 4670, 0.06352567672729492, 14.627589464187622, 23, 4669, 0.9957979, 0.0, 0.15, 0.34518277645111084, 0.34594262301921846, 0.0, 0.0, 'Random', 0.001
154, 4693, 0.06441664695739746, 14.692625045776367, 23, 4692, 0.9957772, 0.0, 0.15, 0.34883788228034973, 0.34607964992523194, 0.0, 0.0, 'Random', 0.001
155, 4716, 0.06832504272460938, 14.761445760726929, 23, 4715, 0.9957565, 0.0, 0.15, 0.3577914834022522, 0.346178405880928, 0.0, 0.0, 'Random', 0.001
156, 4785, 0.2036757469177246, 14.965761661529541, 69, 4784, 0.9956944, 1.0, 0.16, 0.3620876669883728, 0.34629220128059385, 0.0, 0.0, 'Random', 0.001
157, 4857, 0.20045042037963867, 15.166865587234497, 72, 4856, 0.9956296, 1.0, 0.17, 0.33845797181129456, 0.3463167542219162, 0.0, 0.0, 'Random', 0.001
158, 4880, 0.06518769264221191, 15.232744455337524, 23, 4879, 0.9956089, 0.0, 0.17, 0.3283454477787018, 0.3462256851792336, 0.0, 0.0, 'Random', 0.001
159, 4903, 0.06769800186157227, 15.300965309143066, 23, 4902, 0.9955882, 0.0, 0.17, 0.33200308680534363, 0.34605960845947265, 0.0, 0.0, 'Random', 0.001
